Workbook

Sheet Accettazione
A2: ACCETTAZIONE
A4: DOSE IN ARIA (FREE IN AIR)
A6: ACQUISIZIONI ASSIALI (1 fetta) con CI
A7: Posizionare la CI a sbalzo centrata all’isocentro.
G8: Dose free in air
A9: kV | B9: mA | C9: collimazione (mm) | D9: tempo rot (s) | E9: FOV | F9: n. fette | G9: CT exposure (mGycm) | H9: Time (ms) | I9: posiz
A10: 120 | B10: 100 | C10: 10 | D10: 1 | E10: head | F10: 1 | I10: aria
A11: 120 | B11: 100 | C11: 10 | D11: 1 | E11: head | F11: 1 | I11: aria
A12: 120 | B12: 100 | C12: 10 | D12: 1 | E12: head | F12: 1 | I12: aria
A13: 80 | B13: 100 | C13: 10 | D13: 1 | E13: head | F13: 1 | I13: aria
A14: 100 | B14: 100 | C14: 10 | D14: 1 | E14: head | F14: 1 | I14: aria
A15: 140 | B15: 100 | C15: 10 | D15: 1 | E15: head | F15: 1 | I15: aria
A17: ACQUISIZIONI SPIRALI con dose probe
A18: Protocollo TC scelto su Ocean: | D18: Revolution EVO
A19: Posizionare la dose probe a sbalzo centrata all’isocentro.
A21: kV | B21: mA | C21: collimazione (mm) | D21: PITCH | E21: tempo rot (s) | F21: FOV | G21: CTDI 100 (mGy) | H21: posiz
A22: 120 | B22: 100 | C22: 20 x 2,5 | D22: 0.969 | E22: 1 | F22: head | H22: aria
A23: 120 | B23: 100 | C23: 20 x 2,5 | D23: 0.969 | E23: 1 | F23: head | H23: aria
A24: 120 | B24: 100 | C24: 20 x 2,5 | D24: 0.969 | E24: 1 | F24: head | H24: aria
A25: 80 | B25: 100 | C25: 20 x 2,5 | D25: 0.969 | E25: 1 | F25: head | H25: aria | R25: QA phantom | S25: run phantom centering
A26: 100 | B26: 100 | C26: 20 x 2,5 | D26: 0.969 | E26: 1 | F26: head | H26: aria
A27: 140 | B27: 100 | C27: 20 x 2,5 | D27: 0.969 | E27: 1 | F27: head | H27: aria
A30: DOSE IN FANTOCCIO – CAMERA A IONIZZAZIONE (HEAD-BODY)
A31: ACQUISIZIONI ASSIALI (1 fetta) con CI
A33: kV | B33: mA | C33: collimazione (mm) | D33: tempo rot (s) | E33: FOV | F33: CT exposure (mGycm) | G33: Time (ms) | H33: posiz | I33: CTDI vol TC
A34: 80 | B34: 100 | C34: 10 | D34: 1 | E34: head | H34: centro
A35: 100
A36: 120
A37: 140
A38: 80 | H38: h 12
A39: 100
A40: 120
A41: 140
A42: 80 | H42: h 3
A43: 100
A44: 120
A45: 140
A46: 80 | H46: h 6
A47: 100
A48: 120
A49: 140
A50: 80 | H50: h 9
A51: 100
A52: 120
A53: 140
A55: kV | B55: mA | C55: collimazione (mm) | D55: tempo rot (s) | E55: FOV | F55: CT exposure (mGycm) | G55: Time (ms) | H55: posiz | I55: CTDI vol TC
A56: 80 | B56: 300 | C56: 10 | D56: 1 | E56: large body | H56: centro
A57: 100
A58: 120
A59: 140
A60: 80 | H60: h 12
A61: 100
A62: 120
A63: 140
A64: 80 | H64: h 3
A65: 100
A66: 120
A67: 140
A68: 80 | H68: h 6
A69: 100
A70: 120
A71: 140
A72: 80 | H72: h 9
A73: 100
A74: 120
A75: 140
A78: DOSE IN FANTOCCIO – DIODO DOSE PROFILER (HEAD-BODY)
A79: ACQUISIZIONI SPIRALI con dose probe
A80: Protocollo TC scelto su Ocean: | D80: Revolution EVO
A82: kV | B82: mA | C82: collimazione (mm) | D82: pitch | E82: tempo rot (s) | F82: FOV | G82: posiz | H82: CTDI 100 (mGy) | I82: CTDI w (mGy) | J82: CTDI vol (mGy) | K82: CTDIvol TC (mGy) | L82: Δ%
A83: 120 | B83: 100 | C83: 20 | D83: 0.969 | E83: 1 | F83: head | G83: centro | L83: =(K83-J83)/J83 -> #DIV/0!
A84: 120 | B84: 100 | C84: 20 | D84: 0.969 | E84: 1 | F84: head | G84: centro | L84: =(K84-J84)/J84 -> #DIV/0!
A85: 120 | B85: 100 | C85: 20 | D85: 0.969 | E85: 1 | F85: head | G85: centro | L85: =(K85-J85)/J85 -> #DIV/0!
A86: 80 | B86: 100 | C86: 20 | D86: 0.969 | E86: 1 | F86: head | G86: centro | L86: =(K86-J86)/J86 -> #DIV/0!
A87: 100 | B87: 100 | C87: 20 | D87: 0.969 | E87: 1 | F87: head | G87: centro | L87: =(K87-J87)/J87 -> #DIV/0!
A88: 140 | B88: 100 | C88: 20 | D88: 0.969 | E88: 1 | F88: head | G88: centro | L88: =(K88-J88)/J88 -> #DIV/0!
A89: 120 | B89: 50 | C89: 20 | D89: 0.969 | E89: 1 | F89: head | G89: centro | L89: =(K89-J89)/J89 -> #DIV/0!
A90: 120 | B90: 200 | C90: 20 | D90: 0.969 | E90: 1 | F90: head | G90: centro | L90: =(K90-J90)/J90 -> #DIV/0!
A91: 120 | B91: 300 | C91: 20 | D91: 0.969 | E91: 1 | F91: head | G91: centro | L91: =(K91-J91)/J91 -> #DIV/0!
A92: 120 | B92: 100 | C92: 40 | D92: 0.984 | E92: 1 | F92: head | G92: centro | L92: =(K92-J92)/J92 -> #DIV/0!
A93: 120 | B93: 100 | C93: 20 | D93: 0.531 | E93: 1 | F93: head | G93: centro | L93: =(K93-J93)/J93 -> #DIV/0!
A94: 120 | B94: 100 | C94: 40 | D94: 0.516 | E94: 1 | F94: head | G94: centro | L94: =(K94-J94)/J94 -> #DIV/0!
... A96: 120 | B96: 100 | C96: 20 | D96: 0.969 | E96: 0.7 | F96: head | G96: centro | L96: =(K96-J96)/J96 -> #DIV/0!
A97: 80 | B97: 100 | C97: 20 | D97: 0.969 | E97: 1 | F97: large body | G97: centro | L97: =(K97-J97)/J97 -> #DIV/0! | M97: Nel software piranha uso fantoccio head. | P97: Non inseirta nel report, serve come nostra baseline. | Q97: non inseirta nel report, serve come nostra baseline | R97: non inseirta nel report, serve come nostra baseline | S97: non inseirta nel report, serve come nostra baseline
A98: 100 | B98: 100 | C98: 20 | D98: 0.969 | E98: 1 | F98: large body | G98: centro | L98: =(K98-J98)/J98 -> #DIV/0! | P98: non inseirta nel report, serve come nostra baseline | Q98: non inseirta nel report, serve come nostra baseline | R98: non inseirta nel report, serve come nostra baseline | S98: non inseirta nel report, serve come nostra baseline
A99: 120 | B99: 100 | C99: 20 | D99: 0.969 | E99: 1 | F99: large body | G99: centro | L99: =(K99-J99)/J99 -> #DIV/0! | P99: non inseirta nel report, serve come nostra baseline | Q99: non inseirta nel report, serve come nostra baseline | R99: non inseirta nel report, serve come nostra baseline | S99: non inseirta nel report, serve come nostra baseline
A100: 140 | B100: 100 | C100: 20 | D100: 0.969 | E100: 1 | F100: large body | G100: centro | L100: =(K100-J100)/J100 -> #DIV/0! | P100: non inseirta nel report, serve come nostra baseline | Q100: non inseirta nel report, serve come nostra baseline | R100: non inseirta nel report, serve come nostra baseline | S100: non inseirta nel report, serve come nostra baseline
A101: No altre collimazioni (2.5, 5, 10… possibili solo in assiale)
A103: kV | B103: mA | C103: collimazione (mm) | D103: pitch | E103: tempo rot (s) | F103: FOV | G103: posiz | H103: CTDI 100 (mGy) | I103: CTDI w (mGy) | J103: CTDI vol (mGy) | K103: CTDIvol TC (mGy) | L103: Δ%
A104: 120 | B104: 300 | C104: 20 | D104: 0.969 | E104: 1 | F104: large body | G104: centro | L104: =(K104-J104)/J104 -> #DIV/0!
A105: 120 | B105: 300 | C105: 20 | D105: 0.969 | E105: 1 | F105: large body | G105: centro | L105: =(K105-J105)/J105 -> #DIV/0!
A106: 120 | B106: 300 | C106: 20 | D106: 0.969 | E106: 1 | F106: large body | G106: centro | L106: =(K106-J106)/J106 -> #DIV/0!
A107: 80 | B107: 300 | C107: 20 | D107: 0.969 | E107: 1 | F107: large body | G107: centro | L107: =(K107-J107)/J107 -> #DIV/0!
A108: 100 | B108: 300 | C108: 20 | D108: 0.969 | E108: 1 | F108: large body | G108: centro | L108: =(K108-J108)/J108 -> #DIV/0!
A109: 140 | B109: 300 | C109: 20 | D109: 0.969 | E109: 1 | F109: large body | G109: centro | L109: =(K109-J109)/J109 -> #DIV/0!
A110: 120 | B110: 100 | C110: 20 | D110: 0.969 | E110: 1 | F110: large body | G110: centro | L110: =(K110-J110)/J110 -> #DIV/0!
A111: 120 | B111: 200 | C111: 20 | D111: 0.969 | E111: 1 | F111: large body | G111: centro | L111: =(K111-J111)/J111 -> #DIV/0!
A112: 120 | B112: 500 | C112: 20 | D112: 0.969 | E112: 1 | F112: large body | G112: centro | L112: =(K112-J112)/J112 -> #DIV/0!
A113: 120 | B113: 300 | C113: 40 | D113: 0.984 | E113: 1 | F113: large body | G113: centro | L113: =(K113-J113)/J113 -> #DIV/0!
A114: 120 | B114: 300 | C114: 20 | D114: 0.531 | E114: 1 | F114: large body | G114: centro | L114: =(K114-J114)/J114 -> #DIV/0!
...

Sheet Accettazione - Catphan
A2: CATPHAN 700
A4: PROTOCOLLO DI ACQUISIZIONE CATPHAN
A6: 1) Laser su fetta di centratura (zero)
A7: 2) Verifica centratura
B8: Tipo controllo | C8: Modalità | D8: Protocollo | E8: Fetta | F8: kV | G8: mA | H8: Tempo rot. [s] | I8: Spessore fetta minimo [mm] | J8: Collimazione | K8: FOV [mm]
B9: tutti | C9: assiale | D9: HEAD | E9: Centratura | F9: 120 | G9: 200 | H9: 1 | I9: 0.625 | J9: 20 x 0,625 | K9: 250
A11: 3) Acquisizioni assiali
B12: Tipo controllo | C12: Modalità | D12: Protocollo | E12: Fetta | F12: kV | G12: mA | H12: Tempo rot. [s] | I12: Spessore fetta [mm] | J12: Collimazione | K12: FOV [mm]
B13: tutti | C13: assiale | D13: HEAD | E13: Centratura | F13: 120 | G13: 200 | H13: 1 | I13: 0.625 | J13: 20 x 0,625 | K13: 250
I14: 1.25 | J14: 20 x 0,625
I15: 2.5 | J15: 20 x 0,625
I16: 5 | J16: 20 x 0,625
I17: 10 | J17: 20 x 0,625
A20: 4) Acquisizioni spirali
B21: Tipo controllo | C21: Modalità | D21: Protocollo | E21: kV | F21: mA | G21: Tempo rot. [s] | H21: Pitch | I21: Spessore fetta [mm] | J21: Collimazione | K21: FOV [mm] | L21: Estensione [mm]
B22: tutti | C22: spirale | D22: HEAD | E22: 120 | F22: 200 | G22: 1 | H22: 1 | I22: 2.5 | J22: 32 x 0,625 | K22: 250 | L22: [-10; +180]
F23: 300
B24: accettazione | E24: 80 | F24: 200
E25: 100
E26: 140
E27: 120 | I27: minimo (es. 0,625) | J27: ??? x minimo
A29: ANALISI DELLE IMMAGINI
A30: Utilizzare sempre le acquisizioni SPIRALI eccetto per l’analisi dello spessore di fetta
A32: Rumore | H32: Da fare anche a un diverso spessore di fetta?
A33: Utilizzare due fette uniformi consecutive + ROI centrale circolare diametro 2 cm
A35: mA | B35: 200
A36: Fetta unif. | B36: # | C36: Area | D36: Media [HU] | E36: Dev std [HU] | F36: Min [HU] | G36: Max [HU]
A37: 1
A38: 2
A40: mA | B40: 300
A41: Fetta unif. | B41: # | C41: Area | D41: Media [HU] | E41: Dev std [HU] | F41: Min [HU] | G41: Max [HU]
A42: 1
A43: 2
A46: Numero CT medio e uniformità numero TC
A47: Utilizzare una fetta uniforme + 5 ROI circolari diametro 2 cm (una centrale e quattro a 1 cm dal bordo della zona omogenea)
A49: mA | B49: 200
A50: ROI | B50: # | C50: Area | D50: Media [HU] | E50: Dev std [HU] | F50: Min [HU] | G50: Max [HU]
A51: centrale
A52: h. 3
A53: h. 6
A54: h. 9
A55: h. 12
A58: Accuratezza numero TC
A59: Utilizzare la fetta di centratura + ROI su inserti di densità nota
A61: mA | B61: 200
A62: kV | B62: 80 | C62: 100 | D62: 120 | E62: 140
A63: Materiale | B63: Media [HU]
A64: Air
A65: Acrylic
A66: Bone50
A67: LDPE
A68: Bone20
A69: Teflon®
A70: Polystyrene
A71: Delrin®
A72: Lung
A73: PMP
A75: Risoluzione spaziale
A76: Utilizzare la fetta con il pin della PSF + plugin Spice-CT → MTF in ImageJ oppure software di analsi
A78: mA | B78: 200
A79: MTF | B79: Misura [lp/cm] (software MTF wire)
A80: 0.5
A81: 0.1
A82: 0.02
A85: Accuratezza spessore fetta
A86: Utilizzare le acquisizioni ASSIALI della fetta di centratura
A87: Considerare gli inserti inclinati + plugin ImageJ Catphan → analisi thickness oppure software di analisi
A89: mA | B89: 200
A90: Spessore impostato [mm] | B90: Collimazione | C90: Spessore misurato [mm]
A91: =I13 -> 0.625 | B91: =J13 -> 20 x 0,625
A92: =I14 -> 1.25 | B92: =J14 -> 20 x 0,625
A93: =I15 -> 2.5 | B93: =J15 -> 20 x 0,625
A94: =I16 -> 5 | B94: =J16 -> 20 x 0,625
A95: =I17 -> 10 | B95: =J17 -> 20 x 0,625
A98: Risoluzione di contrasto
A99: Utilizzare l’inserto di contrasto
A100: mA | B100: 200
A113: Presenza artefatti
A114: Sono presenti artefatti di impatto clinico? | D114: No
A129: Slice sensitivity profile
A130: Utilizzare modulo di risoluzione del Catphan + ROI sul pin metallico per la PSF nelle slice ad esso adiacenti (prima e dopo)
B131: mA | C131: 200
B132: Spessore fetta minimo [mm] | C132: 0.625
B133: Slice | C133: # | D133: Area | E133: Media [HU] | F133: Dev std [HU] | G133: Min [HU] | H133: Max [HU] | I133: Diff max-bkg [HU]
B134: Background | C134: 1 | I134: /
A135: ROI sul pin metallico | B135: 1 | C135: 2 | I135: =H135-$E$134 -> 0
B136: 2 | C136: 3 | I136: =H136-$E$134 -> 0
B137: 3 | C137: 4 | I137: =H137-$E$134 -> 0
B138: 4 | C138: 5 | I138: =H138-$E$134 -> 0
B139: 5 | C139: 6 | I139: =H139-$E$134 -> 0
B140: 6 | C140: 7 | I140: =H140-$E$134 -> 0
B141: 7 | C141: 8 | I141: =H141-$E$134 -> 0
B142: 8 | C142: 9 | I142: =H142-$E$134 -> 0
B143: 9 | C143: 10 | I143: =H143-$E$134 -> 0
H145: Max [HU] | I145: =MAX(I135:I143) -> 0
H146: Max/2 [HU] | I146: =(I145-AVERAGE(I135,I143))/2+AVERAGE(I135,I143) -> 0
I148: =IFERROR(INDEX(I135:I143, MATCH(1, (I135:I143>I146)*1, 0)), "Nessun valore maggiore") -> Nessun valore maggiore
I149: =IFERROR(INDEX(I134:I143, MATCH(1, (I134:I143>I146)*1, 0) - 1), "Nessun valore o primo elemento") -> Nessun valore o primo elemento
I150: =IFERROR(INDEX($B135:$B143, MATCH(1, (I135:I143>I146)*1, 0)), "Nessun valore maggiore") -> Nessun valore maggiore
I151: =IFERROR(INDEX($B135:$B143, MATCH(1, (I135:I143>I146)*1, 0)-1), "Nessun valore o primo elemento") -> Nessun valore o primo elemento
...

Sheet Report Accettazione
A1: CONTROLLO DI QUALITA' SU SISTEMI DI TOMOGRAFIA COMPUTERIZZATA
A3: Controllo del | C3: 44579
A5: Tipologia di controllo | C5: Prova di accettazione
A6: Azienda | C6: A.O. Ordine Mauriziano
A7: Sala / Unità operativa | C7: DEA – PS
A8: Apparecchiatura | C8: TC
A9: Marca / Modello | C9: GE Revolution EVO
A10: S/N tubo | C10: 5401074 S/N 120265BA4 (feb2024)
A11: Operatori | C11: Isoardi, Cutaia, Farina, Barboni
A13: DOSE IN ARIA
A15: ACQUISIZIONI ASSIALI (1 fetta) – Camera a ionizzazione Pencil 10cm
A17: Riproducibilità del CTDI
A18: kV | B18: mA | C18: collimazione [mm] | D18: tempo rot (s) | E18: FOV
A19: =Accettazione!A10 -> 120 | B19: =Accettazione!B10 -> 100 | C19: =Accettazione!C10 -> 10 | D19: =Accettazione!D10 -> 1 | E19: =Accettazione!E10 -> head
A21: # misura | B21: Dose free air [mGy*cm] | C21: % media | D21: Risultato
A22: 1 | B22: =Accettazione!G10 -> 0 | C22: =(B22-AVERAGE($B$22:$B$24))/AVERAGE($B$22:$B$24) -> #DIV/0! | D22: =IF(ABS(C22)<5%,"ok","no") -> #DIV/0!
A23: 2 | B23: =Accettazione!G11 -> 0 | C23: =(B23-AVERAGE($B$22:$B$24))/AVERAGE($B$22:$B$24) -> #DIV/0! | D23: =IF(ABS(C23)<5%,"ok","no") -> #DIV/0!
A24: 3 | B24: =Accettazione!G12 -> 0 | C24: =(B24-AVERAGE($B$22:$B$24))/AVERAGE($B$22:$B$24) -> #DIV/0! | D24: =IF(ABS(C24)<5%,"ok","no") -> #DIV/0!
A26: Variazione del CTDI in funzione della tensione
A27: mA | B27: collimazione [mm] | C27: tempo rot (s) | D27: FOV
A28: =Accettazione!B13 -> 100 | B28: =Accettazione!C13 -> 10 | C28: =Accettazione!D13 -> 1 | D28: =Accettazione!E13 -> head
A30: kV | B30: Dose free air [mGy*cm] | C30: CTDI100 free in air [mGy]
A31: =Accettazione!A13 -> 80 | B31: =Accettazione!G13 -> 0 | C31: =B31/($B$28/10) -> 0
A32: =Accettazione!A14 -> 100 | B32: =Accettazione!G14 -> 0 | C32: =B32/($B$28/10) -> 0
A33: =Accettazione!A10 -> 120 | B33: =Accettazione!G10 -> 0 | C33: =B33/($B$28/10) -> 0
A34: =Accettazione!A15 -> 140 | B34: =Accettazione!G15 -> 0 | C34: =B34/($B$28/10) -> 0
A36: risultato linearità | B36: 0.9969 | C36: =IF((B36>=0.98),"ok","non superato") -> ok
A38: ACQUISIZIONI SPIRALI – Diodo CT dose profiler
A39: Protocollo Ocean: | B39: =Accettazione!D18 -> Revolution EVO
A40: Riproducibilità del CTDI
A41: kV | B41: mA | C41: collimazione [mm] | D41: pitch | E41: tempo rot (s) | F41: FOV
A42: =Accettazione!A22 -> 120 | B42: =Accettazione!B22 -> 100 | C42: =Accettazione!C22 -> 20 x 2,5 | D42: =Accettazione!D22 -> 0.969 | E42: =Accettazione!E22 -> 1 | F42: =Accettazione!F22 -> head
A44: # misura | B44: Dose free air [mGy*cm] | C44: % media | D44: Risultato
A45: 1 | B45: =Accettazione!G22 -> 0 | C45: =(B45-AVERAGE($B$45:$B$47))/AVERAGE($B$45:$B$47) -> #DIV/0! | D45: =IF(ABS(C45)<5%,"ok","no") -> #DIV/0!
A46: 2 | B46: =Accettazione!G23 -> 0 | C46: =(B46-AVERAGE($B$45:$B$47))/AVERAGE($B$45:$B$47) -> #DIV/0! | D46: =IF(ABS(C46)<5%,"ok","no") -> #DIV/0!
A47: 3 | B47: =Accettazione!G24 -> 0 | C47: =(B47-AVERAGE($B$45:$B$47))/AVERAGE($B$45:$B$47) -> #DIV/0! | D47: =IF(ABS(C47)<5%,"ok","no") -> #DIV/0!
A49: Variazione del CTDI in funzione della tensione
A50: mA | B50: collimazione [mm] | C50: pitch | D50: tempo rot (s) | E50: FOV
A51: =Accettazione!B25 -> 100 | B51: =Accettazione!C25 -> 20 x 2,5 | C51: =Accettazione!D25 -> 0.969 | D51: =Accettazione!E25 -> 1 | E51: =Accettazione!F25 -> head
A53: kV | B53: CTDI [mGy]? Dose free air? [mGy*cm] | C53: Controllare che output dà il diodo
A54: =Accettazione!A25 -> 80 | B54: =Accettazione!G25 -> 0
A55: =Accettazione!A26 -> 100 | B55: =Accettazione!G26 -> 0
A56: =Accettazione!A22 -> 120 | B56: =Accettazione!G22 -> 0
A57: =Accettazione!A27 -> 140 | B57: =Accettazione!G27 -> 0
A59: risultato linearità | B59: 0.9969 | C59: =IF((B59>=0.98),"ok","non superato") -> ok
A62: DOSE IN FANTOCCIO
A64: ACQUISIZIONI ASSIALI (1 fetta) – Camera a ionizzazione Pencil 10cm
A66: Variazione del CTDI in funzione della tensione | E66: AGGIUNGERE GRAFICI DA QUI
A68: Fantoccio HEAD
A69: mA | B69: collimazione [mm] | C69: tempo rot (s) | D69: FOV
A70: =Accettazione!B34 -> 100 | B70: =Accettazione!C34 -> 10 | C70: =Accettazione!D34 -> 1 | D70: =Accettazione!E34 -> head
A72: Tensione [kV] | B72: CTDI100 centro [mGy] | C72: CTDI100 h12 [mGy] | D72: CTDI100 h3 [mGy] | E72: CTDI100 h6 [mGy] | F72: CTDI100 h9 [mGy]
A73: =Accettazione!A34 -> 80 | B73: =Accettazione!F34 -> 0 | C73: =Accettazione!F38 -> 0 | D73: =Accettazione!F42 -> 0 | E73: =Accettazione!F46 -> 0 | F73: =Accettazione!F50 -> 0
A74: =Accettazione!A35 -> 100 | B74: =Accettazione!F35 -> 0 | C74: =Accettazione!F39 -> 0 | D74: =Accettazione!F43 -> 0 | E74: =Accettazione!F47 -> 0 | F74: =Accettazione!F51 -> 0
A75: =Accettazione!A36 -> 120 | B75: =Accettazione!F36 -> 0 | C75: =Accettazione!F40 -> 0 | D75: =Accettazione!F44 -> 0 | E75: =Accettazione!F48 -> 0 | F75: =Accettazione!F52 -> 0
A76: =Accettazione!A37 -> 140 | B76: =Accettazione!F37 -> 0 | C76: =Accettazione!F41 -> 0 | D76: =Accettazione!F45 -> 0 | E76: =Accettazione!F49 -> 0 | F76: =Accettazione!F53 -> 0
A78: Tensione [kV] | B78: CTDIw = CTDIvol [mGy] | C78: CTDI vol TC [mGy] | D78: Δ% CTDI vol | E78: Risultato (c.a.<20%)
A79: =A73 -> 80 | B79: =1/3*B73+2/3*(AVERAGE(C73:F73)) -> 0 | C79: =Accettazione!I34 -> 0 | D79: =(C79-B79)/B79 -> #DIV/0! | E79: =IF(ABS(D79)<20%,"ok","no") -> #DIV/0!
A80: =A74 -> 100 | B80: =1/3*B74+2/3*(AVERAGE(C74:F74)) -> 0 | C80: =Accettazione!I35 -> 0 | D80: =(C80-B80)/B80 -> #DIV/0! | E80: =IF(ABS(D80)<20%,"ok","no") -> #DIV/0!
A81: =A75 -> 120 | B81: =1/3*B75+2/3*(AVERAGE(C75:F75)) -> 0 | C81: =Accettazione!I36 -> 0 | D81: =(C81-B81)/B81 -> #DIV/0! | E81: =IF(ABS(D81)<20%,"ok","no") -> #DIV/0!
A82: =A76 -> 140 | B82: =1/3*B76+2/3*(AVERAGE(C76:F76)) -> 0 | C82: =Accettazione!I37 -> 0 | D82: =(C82-B82)/B82 -> #DIV/0! | E82: =IF(ABS(D82)<20%,"ok","no") -> #DIV/0!
A84: Fantoccio BODY
A85: mA | B85: collimazione [mm] | C85: tempo rot (s) | D85: FOV
A86: =Accettazione!B51 -> 0 | B86: =Accettazione!C51 -> 0 | C86: =Accettazione!D51 -> 0 | D86: =Accettazione!E51 -> 0
A88: Tensione [kV] | B88: CTDI100 centro [mGy] | C88: CTDI100 h12 [mGy] | D88: CTDI100 h3 [mGy] | E88: CTDI100 h6 [mGy] | F88: CTDI100 h9 [mGy]
A89: =Accettazione!A56 -> 80 | B89: =Accettazione!F56 -> 0 | C89: =Accettazione!F60 -> 0 | D89: =Accettazione!F64 -> 0 | E89: =Accettazione!F68 -> 0 | F89: =Accettazione!F72 -> 0
A90: =Accettazione!A57 -> 100 | B90: =Accettazione!F57 -> 0 | C90: =Accettazione!F61 -> 0 | D90: =Accettazione!F65 -> 0 | E90: =Accettazione!F69 -> 0 | F90: =Accettazione!F73 -> 0
A91: =Accettazione!A58 -> 120 | B91: =Accettazione!F58 -> 0 | C91: =Accettazione!F62 -> 0 | D91: =Accettazione!F66 -> 0 | E91: =Accettazione!F70 -> 0 | F91: =Accettazione!F74 -> 0
A92: =Accettazione!A59 -> 140 | B92: =Accettazione!F59 -> 0 | C92: =Accettazione!F63 -> 0 | D92: =Accettazione!F67 -> 0 | E92: =Accettazione!F71 -> 0 | F92: =Accettazione!F75 -> 0
A94: Tensione [kV] | B94: CTDIw = CTDIvol [mGy] | C94: CTDI vol TC [mGy] | D94: Δ% CTDI vol | E94: Risultato
A95: =A89 -> 80 | B95: =1/3*B89+2/3*(AVERAGE(C89:F89)) -> 0 | C95: =Accettazione!I56 -> 0 | D95: =(C95-B95)/B95 -> #DIV/0! | E95: =IF(ABS(D95)<20%,"ok","no") -> #DIV/0!
A96: =A90 -> 100 | B96: =1/3*B90+2/3*(AVERAGE(C90:F90)) -> 0 | C96: =Accettazione!I57 -> 0 | D96: =(C96-B96)/B96 -> #DIV/0! | E96: =IF(ABS(D96)<20%,"ok","no") -> #DIV/0!
A97: =A91 -> 120 | B97: =1/3*B91+2/3*(AVERAGE(C91:F91)) -> 0 | C97: =Accettazione!I58 -> 0 | D97: =(C97-B97)/B97 -> #DIV/0! | E97: =IF(ABS(D97)<20%,"ok","no") -> #DIV/0!
A98: =A92 -> 140 | B98: =1/3*B92+2/3*(AVERAGE(C92:F92)) -> 0 | C98: =Accettazione!I59 -> 0 | D98: =(C98-B98)/B98 -> #DIV/0! | E98: =IF(ABS(D98)<20%,"ok","no") -> #DIV/0!
A100: ACQUISIZIONI SPIRALI – Diodo CT dose profiler
A101: Protocollo Ocean: | B101: =Accettazione!D80 -> Revolution EVO
A103: Fantoccio HEAD
A104: Parametri di baseline | B104: Parametri di baseline | C104: Parametri di baseline | D104: Parametri di baseline | E104: Parametri di baseline | F104: Parametri di baseline
A105: Tensione [kV] | B105: mA | C105: collimazione [mm] | D105: pitch | E105: tempo rot (s) | F105: FOV
A106: =Accettazione!A83 -> 120 | B106: =Accettazione!B83 -> 100 | C106: =Accettazione!C83 -> 20 | D106: =Accettazione!D83 -> 0.969 | E106: =Accettazione!E83 -> 1 | F106: =Accettazione!F83 -> head
A108: Riproducibilità del CTDI
A109: # misura | B109: CTDIvol [mGy] | C109: % media | D109: Risultato
A110: 1 | B110: =Accettazione!J83 -> 0 | C110: =(B110-AVERAGE($B$110:$B$112))/AVERAGE($B$110:$B$112) -> #DIV/0! | D110: =IF(ABS(C110)<5%,"ok","no") -> #DIV/0!
A111: 2 | B111: =Accettazione!J84 -> 0 | C111: =(B111-AVERAGE($B$110:$B$112))/AVERAGE($B$110:$B$112) -> #DIV/0! | D111: =IF(ABS(C111)<5%,"ok","no") -> #DIV/0!
A112: 3 | B112: =Accettazione!J85 -> 0 | C112: =(B112-AVERAGE($B$110:$B$112))/AVERAGE($B$110:$B$112) -> #DIV/0! | D112: =IF(ABS(C112)<5%,"ok","no") -> #DIV/0!
A114: Variazione del CTDI in funzione della tensione
A115: Tensione [kV] | B115: CTDIvol[mGy] | C115: CTDIvol TC [mGy] | D115: Scarto % TC-misura | E115: Risultato (c.a.<20%)
A116: =Accettazione!A86 -> 80 | B116: =Accettazione!J86 -> 0 | C116: =Accettazione!K86 -> 0 | D116: =(C116-B116)/B116 -> #DIV/0! | E116: =IF(ABS(D116)<20%,"ok","no") -> #DIV/0!
A117: =Accettazione!A87 -> 100 | B117: =Accettazione!J87 -> 0 | C117: =Accettazione!K87 -> 0 | D117: =(C117-B117)/B117 -> #DIV/0! | E117: =IF(ABS(D117)<20%,"ok","no") -> #DIV/0!
A118: =Accettazione!A83 -> 120 | B118: =Accettazione!J83 -> 0 | C118: =Accettazione!K83 -> 0 | D118: =(C118-B118)/B118 -> #DIV/0! | E118: =IF(ABS(D118)<20%,"ok","no") -> #DIV/0!
A119: =Accettazione!A88 -> 140 | B119: =Accettazione!J88 -> 0 | C119: =Accettazione!K88 -> 0 | D119: =(C119-B119)/B119 -> #DIV/0! | E119: =IF(ABS(D119)<20%,"ok","no") -> #DIV/0!
A121: Variazione del CTDI in funzione della corrente
A122: Corrente [mA] | B122: CTDIvol[mGy] | C122: CTDIvol TC [mGy] | D122: Scarto % TC-misura | E122: Risultato (c.a.<20%)
A123: =Accettazione!B89 -> 50 | B123: =Accettazione!J89 -> 0 | C123: =Accettazione!K89 -> 0 | D123: =(C123-B123)/B123 -> #DIV/0! | E123: =IF(ABS(D123)<20%,"ok","no") -> #DIV/0!
A124: =Accettazione!B83 -> 100 | B124: =Accettazione!J83 -> 0 | C124: =Accettazione!K83 -> 0 | D124: =(C124-B124)/B124 -> #DIV/0! | E124: =IF(ABS(D124)<20%,"ok","no") -> #DIV/0!
A125: =Accettazione!B90 -> 200 | B125: =Accettazione!J90 -> 0 | C125: =Accettazione!K90 -> 0 | D125: =(C125-B125)/B125 -> #DIV/0! | E125: =IF(ABS(D125)<20%,"ok","no") -> #DIV/0!
A126: =Accettazione!B91 -> 300 | B126: =Accettazione!J91 -> 0 | C126: =Accettazione!K91 -> 0 | D126: =(C126-B126)/B126 -> #DIV/0! | E126: =IF(ABS(D126)<20%,"ok","no") -> #DIV/0!
A128: Variazione del CTDI in funzione di collimazione e pitch
A129: collimazione [mm] | B129: pitch | C129: CTDIvol[mGy] | D129: CTDIvol TC [mGy] | E129: Scarto % TC-misura | F129: Risultato (c.a.<20%)
A130: =Accettazione!C83 -> 20 | B130: =Accettazione!D83 -> 0.969 | C130: =Accettazione!J83 -> 0 | D130: =Accettazione!K83 -> 0 | E130: =(D130-C130)/C130 -> #DIV/0! | F130: =IF(ABS(E130)<20%,"ok","no") -> #DIV/0!
...

Sheet Annuale
A2: ANNUALE
A4: DOSE IN FANTOCCIO – DIODO DOSE PROFILER (HEAD-BODY)
A6: ACQUISIZIONI SPIRALI con dose probe
A7: Protocollo TC scelto su Ocean: | D7: Revolution EVO
A9: kV | B9: mA | C9: collimazione (mm) | D9: pitch | E9: tempo rot (s) | F9: FOV | G9: posiz | H9: CTDI 100 (mGy) | I9: CTDI w (mGy) | J9: CTDI vol (mGy) | K9: CTDIvol TC (mGy) | L9: Δ%
A10: 120 | B10: 100 | C10: 10 | D10: 1 | E10: 0.5 | F10: head | G10: centro | H10: 17.68 | I10: 18.7 | J10: 18.7 | K10: 19.5 | L10: =(K10-J10)/J10 -> 0.042780749
A11: 120 | B11: 100 | C11: 10 | D11: 1 | E11: 0.5 | F11: head | G11: centro | H11: 17.59 | I11: 18.61 | J11: 18.61 | K11: 19.5 | L11: =(K11-J11)/J11 -> 0.047823751
A12: 120 | B12: 100 | C12: 10 | D12: 1 | E12: 0.5 | F12: head | G12: centro | H12: 17.57 | I12: 18.59 | J12: 18.59 | K12: 19.5 | L12: =(K12-J12)/J12 -> 0.048951049
A13: 80 | B13: 100 | C13: 10 | D13: 1 | E13: 0.5 | F13: head | G13: centro | H13: 5.019 | I13: 5.521 | J13: 5.521 | K13: 5.9 | L13: =(K13-J13)/J13 -> 0.068646984
A14: 100 | B14: 100 | C14: 10 | D14: 1 | E14: 0.5 | F14: head | G14: centro | H14: 10.51 | I14: 11.14 | J14: 11.14 | K14: 11.9 | L14: =(K14-J14)/J14 -> 0.068222621
A15: 140 | B15: 100 | C15: 10 | D15: 1 | E15: 0.5 | F15: head | G15: centro | H15: 26 | I15: 27.3 | J15: 27.3 | K15: 28.4 | L15: =(K15-J15)/J15 -> 0.04029304
A16: 120 | B16: 50 | C16: 10 | D16: 1 | E16: 0.5 | F16: head | G16: centro | H16: 8.844 | I16: 9.357 | J16: 9.357 | K16: 9.7 | L16: =(K16-J16)/J16 -> 0.036657048
A17: 120 | B17: 200 | C17: 10 | D17: 1 | E17: 0.5 | F17: head | G17: centro | H17: 35.06 | I17: 37.09 | J17: 37.09 | K17: 39 | L17: =(K17-J17)/J17 -> 0.05149636
A18: 120 | B18: 300 | C18: 10 | D18: 1 | E18: 0.5 | F18: head | G18: centro | H18: 52.48 | I18: 55.53 | J18: 55.53 | K18: 58.4 | L18: =(K18-J18)/J18 -> 0.051683775
A19: 120 | B19: 100 | C19: 40 | D19: 1 | E19: 0.5 | F19: head | G19: centro | H19: 12.88 | I19: 13.62 | J19: 13.62 | K19: 14.3 | L19: =(K19-J19)/J19 -> 0.049926579
A20: 120 | B20: 100 | C20: 10 | D20: 0.42 | E20: 0.5 | F20: head | G20: centro | H20: 7.423 | I20: 7.853 | J20: 18.7 | K20: 19.5 | L20: =(K20-J20)/J20 -> 0.042780749
A21: 120 | B21: 100 | C21: 40 | D21: 0.42 | E21: 0.5 | F21: head | G21: centro | H21: 5.416 | I21: 5.73 | J21: 13.64 | K21: 14.3 | L21: =(K21-J21)/J21 -> 0.048387097
... A23: 120 | B23: 100 | C23: 10 | D23: 1 | E23: 1 | F23: head | G23: centro | H23: 17.6 | I23: 18.62 | J23: 18.62 | K23: 19.5 | L23: =(K23-J23)/J23 -> 0.04726101
A24: 20 | B24: 100 | C24: 10 | D24: 0.969 | E24: 0.5 | F24: large body | G24: centro | L24: =(K24-J24)/J24 -> #DIV/0! | M24: nel software piranha uso fantoccio head | Q24: non inseirta nel report, serve come nostra baseline
A25: 100 | B25: 100 | C25: 10 | D25: 0.969 | E25: 0.5 | F25: large body | G25: centro | L25: =(K25-J25)/J25 -> #DIV/0! | M25: nel software piranha uso fantoccio head
A26: 120 | B26: 100 | C26: 10 | D26: 0.969 | E26: 0.5 | F26: large body | G26: centro | L26: =(K26-J26)/J26 -> #DIV/0! | M26: nel software piranha uso fantoccio head
A27: 140 | B27: 100 | C27: 10 | D27: 0.969 | E27: 0.5 | F27: large body | G27: centro | L27: =(K27-J27)/J27 -> #DIV/0! | M27: nel software piranha uso fantoccio head
A28: No altre collimazioni (2.5, 5, 10… possibili solo in assiale)

Sheet Annuale - Catphan
A2: CATPHAN 700
A4: PROTOCOLLO DI ACQUISIZIONE CATPHAN
A6: 1) Laser su fetta di centratura (zero)
A7: 2) Verifica centratura
B8: Tipo controllo | C8: Modalità | D8: Protocollo | E8: Fetta | F8: kV | G8: mA | H8: Tempo rot. [s] | I8: Spessore fetta minimo [mm] | J8: Collimazione | K8: FOV [mm]
B9: tutti | C9: assiale | D9: HEAD | E9: Centratura | F9: 120 | G9: 200 | H9: 1 | I9: 0.625 | J9: 20 x 0,625 | K9: 250
A11: 3) Acquisizioni assiali
B12: Tipo controllo | C12: Modalità | D12: Protocollo | E12: Fetta | F12: kV | G12: mA | H12: Tempo rot. [s] | I12: Spessore fetta [mm] | J12: Collimazione | K12: FOV [mm]
B13: tutti | C13: assiale | D13: HEAD | E13: Centratura | F13: 120 | G13: 200 | H13: 1 | I13: 0.625 | J13: 20 x 0,625 | K13: 250
I14: 1.25 | J14: 20 x 0,625
I15: 2.5 | J15: 20 x 0,625
I16: 5 | J16: 20 x 0,625
I17: 10 | J17: 20 x 0,625
A20: 4) Acquisizioni spirali
B21: Tipo controllo | C21: Modalità | D21: Protocollo | E21: kV | F21: mA | G21: Tempo rot. [s] | H21: Pitch | I21: Spessore fetta [mm] | J21: Collimazione | K21: FOV [mm] | L21: Estensione [mm]
B22: tutti | C22: spirale | D22: HEAD | E22: 120 | F22: 200 | G22: 1 | H22: 1 | I22: 2.5 | J22: 32 x 0,625 | K22: 250 | L22: [-10; +180]
F23: 300
A25: ANALISI DELLE IMMAGINI
A26: Utilizzare sempre le acquisizioni SPIRALI eccetto per l’analisi dello spessore di fetta
A28: Rumore
A29: Utilizzare due fette uniformi consecutive + ROI centrale circolare diametro 2 cm
A31: mA | B31: 200
A32: Fetta unif. | B32: # | C32: Area | D32: Media [HU] | E32: Dev std [HU] | F32: Min [HU] | G32: Max [HU]
A33: 1
A34: 2
A36: mA | B36: 300
A37: Fetta unif. | B37: # | C37: Area | D37: Media [HU] | E37: Dev std [HU] | F37: Min [HU] | G37: Max [HU]
A38: 1
A39: 2
A42: Numero CT medio e uniformità numero TC
A43: Utilizzare una fetta uniforme + 5 ROI circolari diametro 2 cm (una centrale e quattro a 1 cm dal bordo della zona omogenea)
A45: mA | B45: 200
A46: ROI | B46: # | C46: Area | D46: Media [HU] | E46: Dev std [HU] | F46: Min [HU] | G46: Max [HU]
A47: centrale
A48: h. 3
A49: h. 6
A50: h. 9
A51: h. 12
A54: Accuratezza numero TC
A55: Utilizzare la fetta di centratura + ROI su inserti di densità nota
B57: mA | C57: 200
B58: kV | C58: 120
A59: kV | B59: Materiale | C59: Media [HU]
A60: 120 | B60: Air
B61: Acrylic
B62: Bone50
B63: LDPE
B64: Bone20
B65: Teflon®
B66: Polystyrene
B67: Delrin®
B68: Lung
B69: PMP
A72: Risoluzione spaziale
A73: Utilizzare la fetta con il pin della PSF + plugin Spice-CT → MTF in ImageJ oppure software di analsi
A75: mA | B75: 200
A76: MTF | B76: Misura [lp/cm] (software MTF wire)
A77: 0.5
A78: 0.1
A79: 0.02
A82: Accuratezza spessore fetta
A83: Utilizzare le acquisizioni ASSIALI della fetta di centratura
A84: Considerare gli inserti inclinati + plugin ImageJ Catphan → analisi thickness oppure software di analisi
A86: mA | B86: 200
A87: Spessore impostato [mm] | B87: Collimazione | C87: Spessore misurato [mm]
A88: =I13 -> 0.625 | B88: =J13 -> 20 x 0,625
A89: =I14 -> 1.25 | B89: =J14 -> 20 x 0,625
A90: =I15 -> 2.5 | B90: =J15 -> 20 x 0,625
A91: =I16 -> 5 | B91: =J16 -> 20 x 0,625
A92: =I17 -> 10 | B92: =J17 -> 20 x 0,625
A95: Risoluzione di contrasto
A96: Utilizzare l’inserto di contrasto
A97: mA | B97: 200
A110: Presenza artefatti
A111: Sono presenti artefatti di impatto clinico? | D111: No
A114: Slice sensitivity profile

Sheet Report Annuale
A1: CONTROLLO DI QUALITA' SU SISTEMI DI TOMOGRAFIA COMPUTERIZZATA
A3: Controllo del | C3: 46078
A5: Tipologia di controllo | C5: Prova di stato
A6: Azienda | C6: ASL TO 3 Rivoli
A7: Sala / Unità operativa | C7: Radiologia
A8: Apparecchiatura | C8: TC
A9: Marca / Modello | C9: Philips
A10: S/N tubo
A11: Operatori | C11: Bracco, Pinna, Lombardo
A13: DOSE IN FANTOCCIO
A15: ACQUISIZIONI SPIRALI – Diodo CT dose profiler
A16: Protocollo Ocean: | B16: =Annuale!D7 -> Revolution EVO
A18: Fantoccio HEAD
A19: Parametri di baseline | B19: Parametri di baseline | C19: Parametri di baseline | D19: Parametri di baseline | E19: Parametri di baseline | F19: Parametri di baseline
A20: Tensione [kV] | B20: mA | C20: collimazione [mm] | D20: pitch | E20: tempo rot (s) | F20: FOV
A21: =Annuale!A10 -> 120 | B21: =Annuale!B10 -> 100 | C21: =Annuale!C10 -> 10 | D21: =Annuale!D10 -> 1 | E21: =Annuale!E10 -> 0.5 | F21: =Annuale!F10 -> head
A23: Riproducibilità del CTDI
A24: # misura | B24: CTDIvol [mGy] | C24: % media | D24: Risultato
A25: 1 | B25: =Annuale!J10 -> 18.7 | C25: =(B25-AVERAGE($B$25:$B$27))/AVERAGE($B$25:$B$27) -> 0.0035778175 | D25: =IF(ABS(C25)<5%,"ok","no") -> ok
A26: 2 | B26: =Annuale!J11 -> 18.61 | C26: =(B26-AVERAGE($B$25:$B$27))/AVERAGE($B$25:$B$27) -> -0.0012522361 | D26: =IF(ABS(C26)<5%,"ok","no") -> ok
A27: 3 | B27: =Annuale!J12 -> 18.59 | C27: =(B27-AVERAGE($B$25:$B$27))/AVERAGE($B$25:$B$27) -> -0.0023255814 | D27: =IF(ABS(C27)<5%,"ok","no") -> ok
A28: Media | B28: =AVERAGE(B25:B27) -> 18.633333 | C28: Scarto | D28: Risultato
A29: Rif. (accettazione) | B29: =AVERAGE('Report Accettazione'!B110:B112) -> 0 | C29: =(B28-B29)/B29 -> #DIV/0! | D29: =IF(ABS(C29)<20%,"ok","no") -> #DIV/0!
A31: Variazione del CTDI in funzione della tensione
A32: Tensione [kV] | B32: CTDIvol[mGy] | C32: Rif. (accettazione) | D32: Scarto % rif. | E32: Risultato (c.a.<20%) | F32: CTDIvol TC [mGy] | G32: Scarto % TC-misura | H32: Risultato (c.a.<20%)
A33: =Annuale!A13 -> 80 | B33: =Annuale!J13 -> 5.521 | C33: ='Report Accettazione'!B116 -> 0 | D33: =(B33-C33)/C33 -> #DIV/0! | E33: =IF(ABS(D33)<20%,"ok","no") -> #DIV/0! | F33: =Annuale!K13 -> 5.9 | G33: =(F33-B33)/B33 -> 0.068646984 | H33: =IF(ABS(G33)<20%,"ok","no") -> ok
A34: =Annuale!A14 -> 100 | B34: =Annuale!J14 -> 11.14 | C34: ='Report Accettazione'!B117 -> 0 | D34: =(B34-C34)/C34 -> #DIV/0! | E34: =IF(ABS(D34)<20%,"ok","no") -> #DIV/0! | F34: =Annuale!K14 -> 11.9 | G34: =(F34-B34)/B34 -> 0.068222621 | H34: =IF(ABS(G34)<20%,"ok","no") -> ok
A35: =Annuale!A10 -> 120 | B35: =Annuale!J10 -> 18.7 | C35: ='Report Accettazione'!B118 -> 0 | D35: =(B35-C35)/C35 -> #DIV/0! | E35: =IF(ABS(D35)<20%,"ok","no") -> #DIV/0! | F35: =Annuale!K10 -> 19.5 | G35: =(F35-B35)/B35 -> 0.042780749 | H35: =IF(ABS(G35)<20%,"ok","no") -> ok
A36: =Annuale!A15 -> 140 | B36: =Annuale!J15 -> 27.3 | C36: ='Report Accettazione'!B119 -> 0 | D36: =(B36-C36)/C36 -> #DIV/0! | E36: =IF(ABS(D36)<20%,"ok","no") -> #DIV/0! | F36: =Annuale!K15 -> 28.4 | G36: =(F36-B36)/B36 -> 0.04029304 | H36: =IF(ABS(G36)<20%,"ok","no") -> ok
A38: Variazione del CTDI in funzione della corrente
A39: Corrente [mA] | B39: CTDIvol[mGy] | C39: Rif. (accettazione) | D39: Scarto % rif. | E39: Risultato (c.a.<20%) | F39: CTDIvol TC [mGy] | G39: Scarto % TC-misura | H39: Risultato (c.a.<20%)
A40: =Annuale!B16 -> 50 | B40: =Annuale!J16 -> 9.357 | C40: ='Report Accettazione'!B123 -> 0 | D40: =(B40-C40)/C40 -> #DIV/0! | E40: =IF(ABS(D40)<20%,"ok","no") -> #DIV/0! | F40: =Annuale!K16 -> 9.7 | G40: =(F40-B40)/B40 -> 0.036657048 | H40: =IF(ABS(G40)<20%,"ok","no") -> ok
A41: =Annuale!B10 -> 100 | B41: =Annuale!J10 -> 18.7 | C41: ='Report Accettazione'!B124 -> 0 | D41: =(B41-C41)/C41 -> #DIV/0! | E41: =IF(ABS(D41)<20%,"ok","no") -> #DIV/0! | F41: =Annuale!K10 -> 19.5 | G41: =(F41-B41)/B41 -> 0.042780749 | H41: =IF(ABS(G41)<20%,"ok","no") -> ok
A42: =Annuale!B17 -> 200 | B42: =Annuale!J17 -> 37.09 | C42: ='Report Accettazione'!B125 -> 0 | D42: =(B42-C42)/C42 -> #DIV/0! | E42: =IF(ABS(D42)<20%,"ok","no") -> #DIV/0! | F42: =Annuale!K17 -> 39 | G42: =(F42-B42)/B42 -> 0.05149636 | H42: =IF(ABS(G42)<20%,"ok","no") -> ok
A43: =Annuale!B18 -> 300 | B43: =Annuale!J18 -> 55.53 | C43: ='Report Accettazione'!B126 -> 0 | D43: =(B43-C43)/C43 -> #DIV/0! | E43: =IF(ABS(D43)<20%,"ok","no") -> #DIV/0! | F43: =Annuale!K18 -> 58.4 | G43: =(F43-B43)/B43 -> 0.051683775 | H43: =IF(ABS(G43)<20%,"ok","no") -> ok
A45: Variazione del CTDI in funzione di collimazione e pitch
A46: collimazione [mm] | B46: pitch | C46: CTDIvol[mGy] | D46: Rif. (accettazione) | E46: Scarto % rif. | F46: Risultato (c.a.<20%) | G46: CTDIvol TC [mGy] | H46: Scarto % TC-misura | I46: Risultato (c.a.<20%)
A47: =Annuale!C10 -> 10 | B47: =Annuale!D10 -> 1 | C47: =Annuale!J10 -> 18.7 | D47: ='Report Accettazione'!C130 -> 0 | E47: =(C47-D47)/D47 -> #DIV/0! | F47: =IF(ABS(E47)<20%,"ok","no") -> #DIV/0! | G47: =Annuale!K10 -> 19.5 | H47: =(G47-C47)/C47 -> 0.042780749 | I47: =IF(ABS(H47)<20%,"ok","no") -> ok
A48: =Annuale!C19 -> 40 | B48: =Annuale!D19 -> 1 | C48: =Annuale!J19 -> 13.62 | D48: ='Report Accettazione'!C131 -> 0 | E48: =(C48-D48)/D48 -> #DIV/0! | F48: =IF(ABS(E48)<20%,"ok","no") -> #DIV/0! | G48: =Annuale!K19 -> 14.3 | H48: =(G48-C48)/C48 -> 0.049926579 | I48: =IF(ABS(H48)<20%,"ok","no") -> ok
A49: =Annuale!C20 -> 10 | B49: =Annuale!D20 -> 0.42 | C49: =Annuale!J20 -> 18.7 | D49: ='Report Accettazione'!C132 -> 0 | E49: =(C49-D49)/D49 -> #DIV/0! | F49: =IF(ABS(E49)<20%,"ok","no") -> #DIV/0! | G49: =Annuale!K20 -> 19.5 | H49: =(G49-C49)/C49 -> 0.042780749 | I49: =IF(ABS(H49)<20%,"ok","no") -> ok
A50: =Annuale!C21 -> 40 | B50: =Annuale!D21 -> 0.42 | C50: =Annuale!J21 -> 13.64 | D50: ='Report Accettazione'!C133 -> 0 | E50: =(C50-D50)/D50 -> #DIV/0! | F50: =IF(ABS(E50)<20%,"ok","no") -> #DIV/0! | G50: =Annuale!K21 -> 14.3 | H50: =(G50-C50)/C50 -> 0.048387097 | I50: =IF(ABS(H50)<20%,"ok","no") -> ok
A52: Variazione del CTDI in funzione del tempo di rotazione
A53: tempo rot (s) | B53: CTDIvol[mGy] | C53: Rif. (accettazione) | D53: Scarto % rif. | E53: Risultato (c.a.<20%) | F53: CTDIvol TC [mGy] | G53: Scarto % TC-misura | H53: Risultato (c.a.<20%)
A54: =Annuale!E22 -> 0.4 | B54: =Annuale!J22 -> 18.66 | C54: ='Report Accettazione'!B137 -> 0 | D54: =(B54-C54)/C54 -> #DIV/0! | E54: =IF(ABS(D54)<20%,"ok","no") -> #DIV/0! | F54: =Annuale!K22 -> 19.5 | G54: =(F54-B54)/B54 -> 0.045016077 | H54: =IF(ABS(G54)<20%,"ok","no") -> ok
A55: =Annuale!E23 -> 1 | B55: =Annuale!J23 -> 18.62 | C55: ='Report Accettazione'!B138 -> 0 | D55: =(B55-C55)/C55 -> #DIV/0! | E55: =IF(ABS(D55)<20%,"ok","no") -> #DIV/0! | F55: =Annuale!K23 -> 19.5 | G55: =(F55-B55)/B55 -> 0.04726101 | H55: =IF(ABS(G55)<20%,"ok","no") -> ok
A56: =Annuale!E10 -> 0.5 | B56: =Annuale!J10 -> 18.7 | C56: ='Report Accettazione'!B139 -> 0 | D56: =(B56-C56)/C56 -> #DIV/0! | E56: =IF(ABS(D56)<20%,"ok","no") -> #DIV/0! | F56: =Annuale!K10 -> 19.5 | G56: =(F56-B56)/B56 -> 0.042780749 | H56: =IF(ABS(G56)<20%,"ok","no") -> ok
A58: Riferimenti con FOV body e fantoccio head
A59: Tensione [kV] | B59: CTDIvol[mGy] | C59: Rif. (accettazione) | D59: Scarto % rif. | E59: Risultato (c.a.<20%) | F59: CTDIvol TC [mGy]
A60: =Annuale!A24 -> 20 | B60: =Annuale!J24 -> 0 | C60: ='Report Accettazione'!B143 -> 0 | D60: =(B60-C60)/C60 -> #DIV/0! | E60: =IF(ABS(D60)<20%,"ok","no") -> #DIV/0! | F60: =Annuale!K24 -> 0
A61: =Annuale!A25 -> 100 | B61: =Annuale!J25 -> 0 | C61: ='Report Accettazione'!B144 -> 0 | D61: =(B61-C61)/C61 -> #DIV/0! | E61: =IF(ABS(D61)<20%,"ok","no") -> #DIV/0! | F61: =Annuale!K25 -> 0
A62: =Annuale!A26 -> 120 | B62: =Annuale!J26 -> 0 | C62: ='Report Accettazione'!B145 -> 0 | D62: =(B62-C62)/C62 -> #DIV/0! | E62: =IF(ABS(D62)<20%,"ok","no") -> #DIV/0! | F62: =Annuale!K26 -> 0
A63: =Annuale!A27 -> 140 | B63: =Annuale!J27 -> 0 | C63: ='Report Accettazione'!B146 -> 0 | D63: =(B63-C63)/C63 -> #DIV/0! | E63: =IF(ABS(D63)<20%,"ok","no") -> #DIV/0! | F63: =Annuale!K27 -> 0
A66: CQ IMMAGINI – CATPHAN
A68: ACQUISIZIONI SPIRALI
A69: Parametri di baseline | B69: Parametri di baseline | C69: Parametri di baseline | D69: Parametri di baseline | E69: Parametri di baseline | F69: Parametri di baseline
A70: ='Annuale - Catphan'!E21 -> kV | B70: ='Annuale - Catphan'!F21 -> mA | C70: ='Annuale - Catphan'!G21 -> Tempo rot. [s] | D70: ='Annuale - Catphan'!H21 -> Pitch | E70: ='Annuale - Catphan'!I21 -> Spessore fetta [mm] | F70: ='Annuale - Catphan'!J21 -> Collimazione | G70: ='Annuale - Catphan'!K21 -> FOV [mm]
A71: ='Annuale - Catphan'!E22 -> 120 | B71: ='Annuale - Catphan'!F22 -> 200 | C71: ='Annuale - Catphan'!G22 -> 1 | D71: ='Annuale - Catphan'!H22 -> 1 | E71: ='Annuale - Catphan'!I22 -> 2.5 | F71: ='Annuale - Catphan'!J22 -> 32 x 0,625 | G71: ='Annuale - Catphan'!K22 -> 250
A73: Rumore
A74: mA | C74: Dev std [HU] | D74: Rif. (accettazione) | E74: Scarto % rif. (toll. <10%) | F74: Risultato (c.a.<15%) | K74: Tolleranza
A75: ='Annuale - Catphan'!B31 -> 200 | B75: ROI 1 | C75: ='Annuale - Catphan'!E33 -> 0 | D75: ='Report Accettazione'!C275 -> 0 | E75: =(C75-D75)/D75 -> #DIV/0! | F75: =IF(ABS(E75)<15%,"ok","no") -> #DIV/0! | K75: Lo scarto tra valore misurato e quello di riferimento non dovrebbe differire del ±10%.
B76: ROI 2 | C76: ='Annuale - Catphan'!E34 -> 0 | D76: ='Report Accettazione'!C276 -> 0 | E76: =(C76-D76)/D76 -> #DIV/0! | F76: =IF(ABS(E76)<15%,"ok","no") -> #DIV/0! | K76: Criteri minimi di accettabilità: il rumore non deve differire dal valore di riferimento di più
A77: ='Annuale - Catphan'!B36 -> 300 | B77: ROI 1 | C77: ='Annuale - Catphan'!E38 -> 0 | D77: ='Report Accettazione'!C277 -> 0 | E77: =(C77-D77)/D77 -> #DIV/0! | F77: =IF(ABS(E77)<15%,"ok","no") -> #DIV/0! | K77: di ±20%.
B78: ROI 2 | C78: ='Annuale - Catphan'!E39 -> 0 | D78: ='Report Accettazione'!C278 -> 0 | E78: =(C78-D78)/D78 -> #DIV/0! | F78: =IF(ABS(E78)<15%,"ok","no") -> #DIV/0!
J79: word | K79: toll. e c.m.a.: diff. % da rif. <= 15%
A80: mA | C80: Numero CT medio [HU] | D80: Rif. (accettazione) | E80: Scarto % rif. | F80: Risultato (c.a.<15%)
A81: ='Annuale - Catphan'!B31 -> 200 | B81: ROI 1 e 2 | C81: =AVERAGE('Annuale - Catphan'!D33:D34) -> #DIV/0! | D81: ='Report Accettazione'!D275 -> #DIV/0! | E81: =(C81-D81)/D81 -> #DIV/0! | F81: =IF(ABS(E81)<15%,"ok","no") -> #DIV/0!
A82: ='Annuale - Catphan'!B36 -> 300 | B82: ROI 1 | C82: =AVERAGE('Annuale - Catphan'!D38:D39) -> #DIV/0! | D82: ='Report Accettazione'!D277 -> #DIV/0! | E82: =(C82-D82)/D82 -> #DIV/0! | F82: =IF(ABS(E82)<15%,"ok","no") -> #DIV/0! | K82: Tolleranza | L82: numero CT
K83: Lo scarto tra valore misurato e quello di riferimento non dovrebbe differire di ±4 HU
A84: Numero CT medio e uniformità numero CT | K84: Criteri minimi di accettabilità:
A85: Posizione ROI | B85: Numero CT medio [HU] | C85: Scarto da valore centrale [HU] | D85: Uniformità [toll. ± 10 HU] | E85: Rif. (accettazione) | F85: Scarto da rif. [HU] | G85: Risultato (toll. ± 4 HU) | K85: il numero TC dell’acqua non deve differire dal valore di riferimento di più di ± 5 per fantoccio d'acqua fino a 30 cm di diametro.
A86: centrale | B86: ='Annuale - Catphan'!D47 -> 0 | C86: - | D86: - | E86: ='Report Accettazione'!B282 -> 0 | F86: =ABS(B86-E86) -> 0 | G86: =IF(ABS(F86)<4,"ok","no") -> ok
A87: h. 3 | B87: ='Annuale - Catphan'!D48 -> 0 | C87: =B87-$B$86 -> 0 | D87: =IF(ABS(C87)<10,"ok","no") -> ok | K87: il numero TC dell’acqua non deve differire dal valore di riferimento di più di ± 10 per gli altri materiali
A88: h. 6 | B88: ='Annuale - Catphan'!D49 -> 0 | C88: =B88-$B$86 -> 0 | D88: =IF(ABS(C88)<10,"ok","no") -> ok
A89: h. 9 | B89: ='Annuale - Catphan'!D50 -> 0 | C89: =B89-$B$86 -> 0 | D89: =IF(ABS(C89)<10,"ok","no") -> ok
A90: h. 12 | B90: ='Annuale - Catphan'!D51 -> 0 | C90: =B90-$B$86 -> 0 | D90: =IF(ABS(C90)<10,"ok","no") -> ok | K90: Tolleranza uniformità
K91: di riferimento di più di ± 10 per fantoccio head e body
A92: Accuratezza numero TC
A93: Materiale | B93: µ elett [cm2/g]?? a che energia? | J93: word | K93: toll. e c.m.a.: max diff. tra valor medio centrale e valori ai bordi < 10 HU
C95: Numero CT medio [HU] | D95: Rif. (accettazione) | E95: Scarto rif. | F95: Risultato (c.a.<10 HU per l’acqua) | K95: Tolleranza accuratezza numero TC
A96: ='Annuale - Catphan'!B60 -> Air | B96: 0.001 | C96: ='Annuale - Catphan'!C60 -> 0 | D96: ='Report Accettazione'!E294 -> 0 | E96: =C96-D96 -> 0 | F96: =IF(ABS(E96)<10,"ok","no") -> ok | K96: La variazione del numero TC degli inserti deve essere entro ± 10 numeri TC o entro
A97: ='Annuale - Catphan'!B61 -> Acrylic | B97: 1.147 | C97: ='Annuale - Catphan'!C61 -> 0 | D97: ='Report Accettazione'!E295 -> 0 | E97: =C97-D97 -> 0 | F97: =IF(ABS(E97)<10,"ok","no") -> ok | K97: 5% del valore di riferimento.
A98: ='Annuale - Catphan'!B62 -> Bone50 | C98: ='Annuale - Catphan'!C62 -> 0 | D98: ='Report Accettazione'!E296 -> 0 | E98: =C98-D98 -> 0 | F98: =IF(ABS(E98)<10,"ok","no") -> ok
A99: ='Annuale - Catphan'!B63 -> LDPE | B99: 0.945 | C99: ='Annuale - Catphan'!C63 -> 0 | D99: ='Report Accettazione'!E297 -> 0 | E99: =C99-D99 -> 0 | F99: =IF(ABS(E99)<10,"ok","no") -> ok | J99: word | K99: toll: diff. da rif. <= 10 HU per acqua o inserto uniforme
A100: ='Annuale - Catphan'!B64 -> Bone20 | C100: ='Annuale - Catphan'!C64 -> 0 | D100: ='Report Accettazione'!E298 -> 0 | E100: =C100-D100 -> 0 | F100: =IF(ABS(E100)<10,"ok","no") -> ok | K100: c.m.a.: diff. Da rif. <= 20 HU per acqua e <= 30 HU per altri materiali
A101: ='Annuale - Catphan'!B65 -> Teflon® | B101: 1.868 | C101: ='Annuale - Catphan'!C65 -> 0 | D101: ='Report Accettazione'!E299 -> 0 | E101: =C101-D101 -> 0 | F101: =IF(ABS(E101)<10,"ok","no") -> ok
A102: ='Annuale - Catphan'!B66 -> Polystyrene | B102: 0.998 | C102: ='Annuale - Catphan'!C66 -> 0 | D102: ='Report Accettazione'!E300 -> 0 | E102: =C102-D102 -> 0 | F102: =IF(ABS(E102)<10,"ok","no") -> ok
A103: ='Annuale - Catphan'!B67 -> Delrin® | B103: 1.363 | C103: ='Annuale - Catphan'!C67 -> 0 | D103: ='Report Accettazione'!E301 -> 0 | E103: =C103-D103 -> 0 | F103: =IF(ABS(E103)<10,"ok","no") -> ok
A104: ='Annuale - Catphan'!B68 -> Lung | C104: ='Annuale - Catphan'!C68 -> 0 | D104: ='Report Accettazione'!E302 -> 0 | E104: =C104-D104 -> 0 | F104: =IF(ABS(E104)<10,"ok","no") -> ok
A105: ='Annuale - Catphan'!B69 -> PMP | B105: 0.853 | C105: ='Annuale - Catphan'!C69 -> 0 | D105: ='Report Accettazione'!E303 -> 0 | E105: =C105-D105 -> 0 | F105: =IF(ABS(E105)<10,"ok","no") -> ok
A107: Risoluzione spaziale | D107: da valore produttore in teoria!!! | K107: Tolleranza
A108: ='Annuale - Catphan'!A76 -> MTF | B108: ='Annuale - Catphan'!B76 -> Misura [lp/cm] (software MTF wire) | C108: Rif. [lp/cm] sw (accettazione) | D108: Scarto % rif. | E108: Risultato (c.a.<10% o <0.5 lp/mm se superiore) | K108: Il valore di modulazione o di MTF non dovrebbe differire di ±10% rispetto al valore
A109: ='Annuale - Catphan'!A77 -> 0.5 | B109: ='Annuale - Catphan'!B77 -> 0 | C109: ='Report Accettazione'!B307 -> 0 | D109: =(B109-C109)/C109 -> #DIV/0! | E109: =IF(ABS(D109)<10%,"ok",IF(B109<5,"ok","no")) -> #DIV/0! | K109: di riferimento.
A110: ='Annuale - Catphan'!A78 -> 0.1 | B110: ='Annuale - Catphan'!B78 -> 0 | C110: ='Report Accettazione'!B308 -> 0 | D110: =(B110-C110)/C110 -> #DIV/0! | E110: =IF(ABS(D110)<10%,"ok",IF(B110<5,"ok","no")) -> #DIV/0!
A111: ='Annuale - Catphan'!A79 -> 0.02 | B111: ='Annuale - Catphan'!B79 -> 0 | C111: ='Report Accettazione'!B309 -> 0 | D111: =(B111-C111)/C111 -> #DIV/0! | E111: =IF(ABS(D111)<10%,"ok",IF(B111<5,"ok","no")) -> #DIV/0! | J111: word | K111: accettazione = rif.
A113: Risoluzione di contrasto
K114: Tolleranza
K115: Deve essere visibile un inserto di 0.35 cm di polistirene immerso in una regione d'acqua
A121: Presenza artefatti
A122: ='Annuale - Catphan'!A111 -> Sono presenti artefatti di impatto clinico? | D122: ='Annuale - Catphan'!D111 -> No | J122: word | K122: toll. e c.m.a.: assenti artefatti con impatto clinico
A125: ACQUISIZIONI ASSIALI (1 fetta) – Camera a ionizzazione Pencil 10cm
...

Sheet Semestrale
A2: SEMESTRALE
A4: DOSE IN FANTOCCIO – DOSE IN ARIA (FREE IN AIR)
A6: Eseguire SOLTANTO o le 6 acquisizioni assiali o le 6 acquisizioni spirali
A8: ACQUISIZIONI ASSIALI (1 fetta) con CI
A9: Posizionare la CI a sbalzo centrata all’isocentro.
G10: Dose free in air
A11: kV | B11: mA | C11: collimazione (mm) | D11: tempo rot (s) | E11: FOV | F11: n. fette | G11: CT exposure (mGycm) | H11: Time (ms) | I11: CTDIvol TC (mGy)
A12: 120 | B12: 100 | C12: 10 | D12: 1 | E12: head | F12: 1
A13: 120 | B13: 100 | C13: 10 | D13: 1 | E13: head | F13: 1
A14: 120 | B14: 100 | C14: 10 | D14: 1 | E14: head | F14: 1
A15: 80 | B15: 100 | C15: 10 | D15: 1 | E15: head | F15: 1
A16: 100 | B16: 100 | C16: 10 | D16: 1 | E16: head | F16: 1
A17: 140 | B17: 100 | C17: 10 | D17: 1 | E17: head | F17: 1
A19: ACQUISIZIONI SPIRALI con dose probe
A20: Protocollo TC scelto su Ocean: | D20: Revolution EVO
A21: Posizionare la dose probe a sbalzo centrata all’isocentro.
A23: kV | B23: mA | C23: collimazione (mm) | D23: pitch | E23: tempo rot (s) | F23: FOV | G23: CTDI 100 (mGy) | H23: Time (ms) | I23: CTDIvol TC (mGy) | N23: BODY | O23: CTDI 100 | P23: CTDI TC
A24: 120 | B24: 100 | C24: 20 x 2,5 | D24: 0.969 | E24: 1 | F24: head | N24: 120 | O24: 23.16 | P24: 9.62
A25: 120 | B25: 100 | C25: 20 x 2,5 | D25: 0.969 | E25: 1 | F25: head | N25: 80 | O25: 8.673 | P25: 3.04
A26: 120 | B26: 100 | C26: 20 x 2,5 | D26: 0.969 | E26: 1 | F26: head | N26: 100 | O26: 15.3 | P26: 5.96
A27: 80 | B27: 100 | C27: 20 x 2,5 | D27: 0.969 | E27: 1 | F27: head | N27: 140 | O27: 31.67 | P27: 13.99
A28: 100 | B28: 100 | C28: 20 x 2,5 | D28: 0.969 | E28: 1 | F28: head
A29: 140 | B29: 100 | C29: 20 x 2,5 | D29: 0.969 | E29: 1 | F29: head

Sheet Semestrale - Catphan
A2: CATPHAN 700
A4: PROTOCOLLO DI ACQUISIZIONE CATPHAN
A6: 1) Laser su fetta di centratura (zero)
A7: 2) Verifica centratura
B8: Tipo controllo | C8: Modalità | D8: Protocollo | E8: Fetta | F8: kV | G8: mA | H8: Tempo rot. [s] | I8: Spessore fetta minimo [mm] | J8: Collimazione | K8: FOV [mm]
B9: tutti | C9: assiale | D9: HEAD | E9: Centratura | F9: 120 | G9: 200 | H9: 1 | I9: 0.625 | J9: 20 x 0,625 | K9: 250
A11: 3) Acquisizioni spirali
B12: Tipo controllo | C12: Modalità | D12: Protocollo | E12: kV | F12: mA | G12: Tempo rot. [s] | H12: Pitch | I12: Spessore fetta [mm] | J12: Collimazione | K12: FOV [mm] | L12: Estensione [mm]
B13: tutti | C13: spirale | D13: HEAD | E13: 120 | F13: 200 | G13: 1 | H13: 0.969 | I13: 2.5 | J13: 32 x 0,625 | K13: head | L13: [I10; S180]
A15: ANALISI DELLE IMMAGINI
A16: Utilizzare sempre le acquisizioni SPIRALI eccetto per l’analisi dello spessore di fetta
A18: Rumore
A19: Utilizzare due fette uniformi consecutive + ROI centrale circolare diametro 2 cm
A21: mA | B21: 200
A22: Fetta unif. | B22: # | C22: Area | D22: Media [HU] | E22: Dev std [HU] | F22: Min [HU] | G22: Max [HU]
A23: 1 | B23: 1
A24: 2 | B24: 2
A26: Numero CT medio e uniformità numero TC
A27: Utilizzare una fetta uniforme + 5 ROI circolari diametro 2 cm (una centrale e quattro a 1 cm dal bordo della zona omogenea)
A29: mA | B29: 200
A30: ROI | B30: # | C30: Area | D30: Media [HU] | E30: Dev std [HU] | F30: Min [HU] | G30: Max [HU]
A31: centrale | B31: 2
A32: h. 3 | B32: 3
A33: h. 6 | B33: 4
A34: h. 9 | B34: 5
A35: h. 12 | B35: 6
A38: Accuratezza numero TC
A39: Utilizzare la fetta di centratura + ROI su inserti di densità nota
B41: mA | C41: 200
B42: kV | C42: 120
A43: kV | B43: Materiale | C43: Media [HU]
A44: 120 | B44: Air
B45: Acrylic
B46: Bone50
B47: LDPE
B48: Bone20
B49: Teflon®
B50: Polystyrene
B51: Delrin®
B52: Lung
B53: PMP
A56: Risoluzione spaziale
A57: Utilizzare la fetta con il pin della PSF + plugin Spice-CT → MTF in ImageJ oppure software di analsi
A59: mA | B59: 200
A60: MTF | B60: Misura [lp/cm] (software MTF wire)
A61: 0.5
A62: 0.1
A63: 0.02
A66: Risoluzione di contrasto
A67: Utilizzare l’inserto di contrasto
A68: mA | B68: 200
A81: Presenza artefatti
A82: Sono presenti artefatti di impatto clinico? | D82: No
A85: Slice sensitivity profile

Sheet Report Semestrale
A1: CONTROLLO DI QUALITA' SU SISTEMI DI TOMOGRAFIA COMPUTERIZZATA
A3: Controllo del | C3: 45950
A5: Tipologia di controllo | C5: Prova di costanza semestrale
A6: Azienda | C6: A.O. Ordine Mauriziano
A7: Sala / Unità operativa | C7: DEA
A8: Apparecchiatura | C8: TC
A9: Marca / Modello | C9: GE Revolution EVO
A10: S/N tubo | C10: 120265BA4
A11: Operatori | C11: Cutaia, De Cilladi, Pinna
A13: DOSE IN ARIA + CONFRONTO DOSE IN FANTOCCIO
A15: ACQUISIZIONI ASSIALI (1 fetta) – Camera a ionizzazione Pencil 10cm
A17: Riproducibilità del CTDI
A18: kV | B18: mA | C18: collimazione [mm] | D18: tempo rot (s) | E18: FOV
A19: =Semestrale!A12 -> 120 | B19: =Semestrale!B12 -> 100 | C19: =Semestrale!C12 -> 10 | D19: =Semestrale!D12 -> 1 | E19: =Semestrale!E12 -> head
A21: # misura | B21: Dose free air [mGy*cm] | C21: % media | D21: Risultato
A22: 1 | B22: =Semestrale!G12 -> 0 | C22: =(B22-AVERAGE($B$22:$B$24))/AVERAGE($B$22:$B$24) -> #DIV/0! | D22: =IF(ABS(C22)<5%,"ok","no") -> #DIV/0!
A23: 2 | B23: =Semestrale!G13 -> 0 | C23: =(B23-AVERAGE($B$22:$B$24))/AVERAGE($B$22:$B$24) -> #DIV/0! | D23: =IF(ABS(C23)<5%,"ok","no") -> #DIV/0!
A24: 3 | B24: =Semestrale!G14 -> 0 | C24: =(B24-AVERAGE($B$22:$B$24))/AVERAGE($B$22:$B$24) -> #DIV/0! | D24: =IF(ABS(C24)<5%,"ok","no") -> #DIV/0!
A26: Variazione del CTDI in funzione della tensione
A27: Confronto con dose in fantoccio HEAD mediante fattori pH
A28: mA | B28: collimazione [mm] | C28: tempo rot (s) | D28: FOV
A29: =Semestrale!B12 -> 100 | B29: =Semestrale!C12 -> 10 | C29: =Semestrale!D12 -> 1 | D29: =Semestrale!E12 -> head
A31: kV | B31: CTDI100 free in air [mGy] | C31: pH C.I. | D31: CTDIvol HEAD (ricavato da pH) [mGy] | E31: CTDIvol HEAD CT [mGy] | F31: Scarto % rif. | G31: Risultato (c.a.<20%)
A32: =Semestrale!A15 -> 80 | B32: =Semestrale!G15/($B$29/10) -> 0 | C32: ='Report Accettazione'!F191 -> #DIV/0! | D32: =B32*C32 -> #DIV/0! | E32: =Semestrale!I15 -> 0 | F32: =(E32-D32)/D32 -> #DIV/0! | G32: =IF(ABS(F32)<20%,"ok","no") -> #DIV/0!
A33: =Semestrale!A16 -> 100 | B33: =Semestrale!G16/($B$29/10) -> 0 | C33: ='Report Accettazione'!F192 -> #DIV/0! | D33: =B33*C33 -> #DIV/0! | E33: =Semestrale!I16 -> 0 | F33: =(E33-D33)/D33 -> #DIV/0! | G33: =IF(ABS(F33)<20%,"ok","no") -> #DIV/0!
A34: =Semestrale!A12 -> 120 | B34: =Semestrale!G12/($B$29/10) -> 0 | C34: ='Report Accettazione'!F193 -> #DIV/0! | D34: =B34*C34 -> #DIV/0! | E34: =Semestrale!I12 -> 0 | F34: =(E34-D34)/D34 -> #DIV/0! | G34: =IF(ABS(F34)<20%,"ok","no") -> #DIV/0!
A35: =Semestrale!A17 -> 140 | B35: =Semestrale!G17/($B$29/10) -> 0 | C35: ='Report Accettazione'!F194 -> #DIV/0! | D35: =B35*C35 -> #DIV/0! | E35: =Semestrale!I17 -> 0 | F35: =(E35-D35)/D35 -> #DIV/0! | G35: =IF(ABS(F35)<20%,"ok","no") -> #DIV/0!
A37: risultato linearità | B37: 0.9969 | C37: =IF((B37>=0.98),"ok","non superato") -> ok
A39: ACQUISIZIONI SPIRALI – Diodo CT dose profiler
A40: Protocollo Ocean: | B40: =Semestrale!D20 -> Revolution EVO
A41: Riproducibilità del CTDI
A42: kV | B42: mA | C42: collimazione [mm] | D42: pitch | E42: tempo rot (s) | F42: FOV
A43: =Semestrale!A24 -> 120 | B43: =Semestrale!B24 -> 100 | C43: =Semestrale!C24 -> 20 x 2,5 | D43: =Semestrale!D24 -> 0.969 | E43: =Semestrale!E24 -> 1 | F43: =Semestrale!F24 -> head
A45: # misura | B45: Dose free air [mGy*cm] | C45: % media | D45: Risultato
A46: 1 | B46: =Semestrale!G24 -> 0 | C46: =(B46-AVERAGE($B$46:$B$48))/AVERAGE($B$46:$B$48) -> #DIV/0! | D46: =IF(ABS(C46)<5%,"ok","no") -> #DIV/0!
A47: 2 | B47: =Semestrale!G25 -> 0 | C47: =(B47-AVERAGE($B$46:$B$48))/AVERAGE($B$46:$B$48) -> #DIV/0! | D47: =IF(ABS(C47)<5%,"ok","no") -> #DIV/0!
A48: 3 | B48: =Semestrale!G26 -> 0 | C48: =(B48-AVERAGE($B$46:$B$48))/AVERAGE($B$46:$B$48) -> #DIV/0! | D48: =IF(ABS(C48)<5%,"ok","no") -> #DIV/0!
A50: Variazione del CTDI in funzione della tensione
A51: Confronto con dose in fantoccio HEAD mediante fattori pH
A52: mA | B52: collimazione [mm] | C52: pitch | D52: tempo rot (s) | E52: FOV
A53: =Semestrale!B24 -> 100 | B53: =Semestrale!C24 -> 20 x 2,5 | C53: =Semestrale!D24 -> 0.969 | D53: =Semestrale!E24 -> 1 | E53: =Semestrale!F24 -> head
A55: kV | B55: CTDI 100 [mGy] | C55: pH diodo | D55: CTDIvol HEAD (ricavato da pH) [mGy] | E55: CTDIvol HEAD CT [mGy] | F55: Scarto % rif. | G55: Risultato (c.a.<20%)
A56: =Semestrale!A27 -> 80 | B56: =Semestrale!G27 -> 0 | C56: ='Report Accettazione'!F195 -> #DIV/0! | D56: =B56*C56 -> #DIV/0! | E56: =Semestrale!I27 -> 0 | F56: =(E56-D56)/D56 -> #DIV/0! | G56: =IF(ABS(F56)<20%,"ok","no") -> #DIV/0!
A57: =Semestrale!A28 -> 100 | B57: =Semestrale!G28 -> 0 | C57: ='Report Accettazione'!F196 -> #DIV/0! | D57: =B57*C57 -> #DIV/0! | E57: =Semestrale!I28 -> 0 | F57: =(E57-D57)/D57 -> #DIV/0! | G57: =IF(ABS(F57)<20%,"ok","no") -> #DIV/0!
A58: =Semestrale!A24 -> 120 | B58: =Semestrale!G24 -> 0 | C58: ='Report Accettazione'!F197 -> #DIV/0! | D58: =B58*C58 -> #DIV/0! | E58: =Semestrale!I24 -> 0 | F58: =(E58-D58)/D58 -> #DIV/0! | G58: =IF(ABS(F58)<20%,"ok","no") -> #DIV/0!
A59: =Semestrale!A29 -> 140 | B59: =Semestrale!G29 -> 0 | C59: ='Report Accettazione'!F198 -> #DIV/0! | D59: =B59*C59 -> #DIV/0! | E59: =Semestrale!I29 -> 0 | F59: =(E59-D59)/D59 -> #DIV/0! | G59: =IF(ABS(F59)<20%,"ok","no") -> #DIV/0!
A61: risultato linearità | B61: 0.9969 | C61: =IF((B61>=0.98),"ok","non superato") -> ok
A64: CQ IMMAGINI – CATPHAN
A66: ACQUISIZIONI SPIRALI
A67: Parametri di baseline | B67: Parametri di baseline | C67: Parametri di baseline | D67: Parametri di baseline | E67: Parametri di baseline | F67: Parametri di baseline
A68: ='Semestrale - Catphan'!E12 -> kV | B68: ='Semestrale - Catphan'!F12 -> mA | C68: ='Semestrale - Catphan'!G12 -> Tempo rot. [s] | D68: ='Semestrale - Catphan'!H12 -> Pitch | E68: ='Semestrale - Catphan'!I12 -> Spessore fetta [mm] | F68: ='Semestrale - Catphan'!J12 -> Collimazione | G68: ='Semestrale - Catphan'!K12 -> FOV [mm]
A69: ='Semestrale - Catphan'!E13 -> 120 | B69: ='Semestrale - Catphan'!F13 -> 200 | C69: ='Semestrale - Catphan'!G13 -> 1 | D69: ='Semestrale - Catphan'!H13 -> 0.969 | E69: ='Semestrale - Catphan'!I13 -> 2.5 | F69: ='Semestrale - Catphan'!J13 -> 32 x 0,625 | G69: ='Semestrale - Catphan'!K13 -> head
A71: Rumore
A72: mA | C72: Dev std [HU] | D72: Rif. (accettazione) | E72: Scarto % rif. (toll. <10%) | F72: Risultato (c.a.<15%) | K72: Tolleranza
A73: ='Semestrale - Catphan'!B21 -> 200 | B73: ROI 1 | C73: ='Semestrale - Catphan'!E23 -> 0 | D73: ='Report Accettazione'!C275 -> 0 | E73: =(C73-D73)/D73 -> #DIV/0! | F73: =IF(ABS(E73)<15%,"ok","no") -> #DIV/0! | K73: Lo scarto tra valore misurato e quello di riferimento non dovrebbe differire del ±10%.
B74: ROI 2 | C74: ='Semestrale - Catphan'!E24 -> 0 | D74: ='Report Accettazione'!C276 -> 0 | E74: =(C74-D74)/D74 -> #DIV/0! | F74: =IF(ABS(E74)<15%,"ok","no") -> #DIV/0! | K74: Criteri minimi di accettabilità: il rumore non deve differire dal valore di riferimento di più
J75: word | K75: toll. e c.m.a.: diff. % da rif. <= 15%
A76: mA | C76: Numero CT medio [HU] | D76: Rif. (accettazione) | E76: Scarto % rif. | F76: Risultato (c.a.<15%)
A77: ='Semestrale - Catphan'!B21 -> 200 | B77: ROI 1 e 2 | C77: =AVERAGE('Semestrale - Catphan'!D23:D24) -> #DIV/0! | D77: ='Report Accettazione'!D275 -> #DIV/0! | E77: =(C77-D77)/D77 -> #DIV/0! | F77: =IF(ABS(E77)<15%,"ok","no") -> #DIV/0!
K78: Lo scarto tra valore misurato e quello di riferimento non dovrebbe differire di ±4 HU
A79: Numero CT medio e uniformità numero CT | K79: Criteri minimi di accettabilità:
A80: Posizione ROI | B80: Numero CT medio [HU] | C80: Scarto da valore centrale [HU] | D80: Uniformità [toll. ± 10 HU] | E80: Rif. (accettazione) | F80: Scarto da rif. [HU] | G80: Risultato (toll. ± 4 HU) | K80: il numero TC dell’acqua non deve differire dal valore di riferimento di più di ± 5 per fantoccio d'acqua fino a 30 cm di diametro.
A81: centrale | B81: ='Semestrale - Catphan'!D31 -> 0 | C81: - | D81: - | E81: ='Report Accettazione'!B282 -> 0 | F81: =ABS(B81-E81) -> 0 | G81: =IF(ABS(F81)<4,"ok","no") -> ok
A82: h. 3 | B82: ='Semestrale - Catphan'!D32 -> 0 | C82: =B82-$B$81 -> 0 | D82: =IF(ABS(C82)<10,"ok","no") -> ok | K82: il numero TC dell’acqua non deve differire dal valore di riferimento di più di ± 10 per gli altri materiali
A83: h. 6 | B83: ='Semestrale - Catphan'!D33 -> 0 | C83: =B83-$B$81 -> 0 | D83: =IF(ABS(C83)<10,"ok","no") -> ok
A84: h. 9 | B84: ='Semestrale - Catphan'!D34 -> 0 | C84: =B84-$B$81 -> 0 | D84: =IF(ABS(C84)<10,"ok","no") -> ok
A85: h. 12 | B85: ='Semestrale - Catphan'!D35 -> 0 | C85: =B85-$B$81 -> 0 | D85: =IF(ABS(C85)<10,"ok","no") -> ok | K85: Tolleranza uniformità
K86: di riferimento di più di ± 10 per fantoccio head e body
A87: Accuratezza numero TC
A88: Materiale | B88: µ elett [cm2/g]?? a che energia? | J88: word | K88: toll. e c.m.a.: max diff. tra valor medio centrale e valori ai bordi < 10 HU
C90: Numero CT medio [HU] | D90: Rif. (accettazione) | E90: Scarto rif. | F90: Risultato (c.a.<10 HU per l’acqua) | K90: Tolleranza accuratezza numero TC
A91: ='Semestrale - Catphan'!B44 -> Air | B91: 0.001 | C91: ='Semestrale - Catphan'!C44 -> 0 | D91: ='Report Accettazione'!E294 -> 0 | E91: =C91-D91 -> 0 | F91: =IF(ABS(E91)<10,"ok","no") -> ok | K91: La variazione del numero TC degli inserti deve essere entro ± 10 numeri TC o entro
A92: ='Semestrale - Catphan'!B45 -> Acrylic | B92: 1.147 | C92: ='Semestrale - Catphan'!C45 -> 0 | D92: ='Report Accettazione'!E295 -> 0 | E92: =C92-D92 -> 0 | F92: =IF(ABS(E92)<10,"ok","no") -> ok | K92: 5% del valore di riferimento.
A93: ='Semestrale - Catphan'!B46 -> Bone50 | C93: ='Semestrale - Catphan'!C46 -> 0 | D93: ='Report Accettazione'!E296 -> 0 | E93: =C93-D93 -> 0 | F93: =IF(ABS(E93)<10,"ok","no") -> ok
A94: ='Semestrale - Catphan'!B47 -> LDPE | B94: 0.945 | C94: ='Semestrale - Catphan'!C47 -> 0 | D94: ='Report Accettazione'!E297 -> 0 | E94: =C94-D94 -> 0 | F94: =IF(ABS(E94)<10,"ok","no") -> ok | J94: word | K94: toll: diff. da rif. <= 10 HU per acqua o inserto uniforme
A95: ='Semestrale - Catphan'!B48 -> Bone20 | C95: ='Semestrale - Catphan'!C48 -> 0 | D95: ='Report Accettazione'!E298 -> 0 | E95: =C95-D95 -> 0 | F95: =IF(ABS(E95)<10,"ok","no") -> ok | K95: c.m.a.: diff. Da rif. <= 20 HU per acqua e <= 30 HU per altri materiali
A96: ='Semestrale - Catphan'!B49 -> Teflon® | B96: 1.868 | C96: ='Semestrale - Catphan'!C49 -> 0 | D96: ='Report Accettazione'!E299 -> 0 | E96: =C96-D96 -> 0 | F96: =IF(ABS(E96)<10,"ok","no") -> ok
A97: ='Semestrale - Catphan'!B50 -> Polystyrene | B97: 0.998 | C97: ='Semestrale - Catphan'!C50 -> 0 | D97: ='Report Accettazione'!E300 -> 0 | E97: =C97-D97 -> 0 | F97: =IF(ABS(E97)<10,"ok","no") -> ok
A98: ='Semestrale - Catphan'!B51 -> Delrin® | B98: 1.363 | C98: ='Semestrale - Catphan'!C51 -> 0 | D98: ='Report Accettazione'!E301 -> 0 | E98: =C98-D98 -> 0 | F98: =IF(ABS(E98)<10,"ok","no") -> ok
A99: ='Semestrale - Catphan'!B52 -> Lung | C99: ='Semestrale - Catphan'!C52 -> 0 | D99: ='Report Accettazione'!E302 -> 0 | E99: =C99-D99 -> 0 | F99: =IF(ABS(E99)<10,"ok","no") -> ok
A100: ='Semestrale - Catphan'!B53 -> PMP | B100: 0.853 | C100: ='Semestrale - Catphan'!C53 -> 0 | D100: ='Report Accettazione'!E303 -> 0 | E100: =C100-D100 -> 0 | F100: =IF(ABS(E100)<10,"ok","no") -> ok
A102: Risoluzione spaziale | D102: da valore produttore in teoria!!! | K102: Tolleranza
A103: ='Semestrale - Catphan'!A60 -> MTF | B103: ='Semestrale - Catphan'!B60 -> Misura [lp/cm] (software MTF wire) | C103: Rif. [lp/cm] sw (accettazione) | D103: Scarto % rif. | E103: Risultato (c.a.<10% o <0.5 lp/mm se superiore) | K103: Il valore di modulazione o di MTF non dovrebbe differire di ±10% rispetto al valore
A104: ='Semestrale - Catphan'!A61 -> 0.5 | B104: ='Semestrale - Catphan'!B61 -> 0 | C104: ='Report Accettazione'!B307 -> 0 | D104: =(B104-C104)/C104 -> #DIV/0! | E104: =IF(ABS(D104)<10%,"ok",IF(B104<5,"ok","no")) -> #DIV/0! | K104: di riferimento.
A105: ='Semestrale - Catphan'!A62 -> 0.1 | B105: ='Semestrale - Catphan'!B62 -> 0 | C105: ='Report Accettazione'!B308 -> 0 | D105: =(B105-C105)/C105 -> #DIV/0! | E105: =IF(ABS(D105)<10%,"ok",IF(B105<5,"ok","no")) -> #DIV/0!
A106: ='Semestrale - Catphan'!A63 -> 0.02 | B106: ='Semestrale - Catphan'!B63 -> 0 | C106: ='Report Accettazione'!B309 -> 0 | D106: =(B106-C106)/C106 -> #DIV/0! | E106: =IF(ABS(D106)<10%,"ok",IF(B106<5,"ok","no")) -> #DIV/0! | J106: word | K106: accettazione = rif.
K107: toll. e c.m.a.: diff. % con valore dichiarato dal produttore <= 10% o 0.5 lp/mm quando maggiore
A108: Risoluzione di contrasto
K109: Tolleranza
K110: Deve essere visibile un inserto di 0.35 cm di polistirene immerso in una regione d'acqua
A116: Presenza artefatti
A117: ='Semestrale - Catphan'!A82 -> Sono presenti artefatti di impatto clinico? | D117: ='Semestrale - Catphan'!D82 -> No | J117: word | K117: toll. e c.m.a.: assenti artefatti con impatto clinico
A124: CONCLUSIONI
A126: Giudizio sulla qualità tecnica delle attrezzature medico-radiologiche ai sensi dell'art.163 comma 5 del
A127: D.Lgs 31.07.2020 n.101:
B128: adeguato | C128: □
B129: non adeguato | C129: □
B130: adeguato con limitazioni | C130: □
A132: Note:
B135: Lo Specialista in fisica medica
...
